{
  "CROHME-2014": {
    "exprate": 47.46450304259635,
    "exprate_1": 62.57606490872211,
    "exprate_2": 70.89249492900609,
    "exprate_3": 78.29614604462475,
    "bleu_4": 77.91019587849782
  },
  "CROHME-2016": {
    "exprate": 46.12031386224935,
    "exprate_1": 63.295553618134264,
    "exprate_2": 71.92676547515258,
    "exprate_3": 75.76285963382738,
    "bleu_4": 77.57234427290327
  },
  "CROHME-2019": {
    "exprate": 47.87322768974145,
    "exprate_1": 64.47039199332777,
    "exprate_2": 72.81067556296914,
    "exprate_3": 78.73227689741451,
    "bleu_4": 78.72611304653827
  },
  "HMER100K": {
    "exprate": 3.753993610223642,
    "exprate_1": 8.780237334550433,
    "exprate_2": 13.475581926061158,
    "exprate_3": 17.919899589228663,
    "bleu_4": 34.205861261831835
  },
  "MathWriting": {
    "exprate": 14.285714285714286,
    "exprate_1": 26.704384724186703,
    "exprate_2": 38.27439886845828,
    "exprate_3": 48.5997171145686,
    "bleu_4": 61.27466694697045
  }
}