{
  "train_loss": [
    6.349640766604916,
    3.843613307554643,
    3.218125755708296,
    2.8786593138516605,
    2.5814219983069453
  ],
  "train_ce_loss": [
    6.095159940405206,
    3.8085616415673558,
    3.171576004761916,
    2.8198654777401098,
    2.5127292711656173
  ],
  "train_ctc_loss": [
    63.62020185805939,
    4.381458747255933,
    3.879145792552403,
    3.6746147087642123,
    3.4346366174928433
  ],
  "val_loss": [
    3.6353034906917148,
    3.1879484719700284,
    3.0436020625962152,
    2.938707477516598,
    2.782730327712165
  ],
  "exprate": [
    0.0,
    0.0,
    0.0,
    0.05875440658049354,
    0.05875440658049354
  ],
  "exprate_1": [
    0.0,
    0.05875440658049354,
    0.05875440658049354,
    0.8225616921269095,
    1.2925969447708578
  ],
  "exprate_2": [
    0.0,
    0.5875440658049353,
    0.23501762632197415,
    2.3501762632197414,
    3.4077555816686247
  ],
  "bleu": [
    1.4651659075817531,
    6.758463274322281,
    4.47378617109972,
    8.560273589763097,
    6.621866310005585
  ],
  "bleu_1": [
    24.200245432947415,
    22.809898635256808,
    17.842086308073643,
    31.934022370097694,
    26.37083728454287
  ],
  "bleu_4": [
    1.4651659075817531,
    6.758463274322281,
    4.47378617109972,
    8.560273589763097,
    6.621866310005585
  ],
  "token_accuracy": [
    3.938341167197034,
    5.1037151323684276,
    4.442235036786638,
    7.272569795305599,
    7.157028792644568
  ],
  "lr": [
    4e-05,
    8e-05,
    0.00012,
    0.00016,
    0.0002
  ]
}