{
  "train_loss": [
    9.926795959472656,
    9.88697624206543,
    9.883281707763672,
    11.704689979553223,
    11.74688720703125,
    19.655284881591797,
    25.416433334350586,
    26.133420944213867,
    26.258846282958984,
    21.142305374145508,
    18.246135711669922,
    10.908671379089355,
    15.884244918823242,
    9.1390962600708,
    6.847100734710693,
    4.578561305999756,
    3.1057662963867188,
    3.2915594577789307,
    2.838442325592041,
    2.022566318511963,
    2.1266918182373047,
    1.9469736814498901,
    1.171288013458252,
    1.3974157571792603,
    1.058769941329956,
    1.0431454181671143,
    0.8424969911575317,
    0.5271180272102356,
    0.5378313064575195,
    0.3498521149158478,
    0.7729261517524719,
    0.6366724967956543,
    0.5185053944587708,
    0.38093626499176025,
    0.2333877980709076,
    0.14497123658657074,
    0.4170251190662384,
    0.16345620155334473,
    0.1960570067167282,
    0.26183122396469116,
    0.13391795754432678,
    0.19272394478321075,
    0.12218225747346878,
    0.022777482867240906,
    0.03872730955481529,
    0.07647188752889633,
    0.05344865471124649,
    0.005114161875098944,
    0.016212476417422295,
    0.008986721746623516
  ],
  "train_ce_loss": [
    9.926795959472656,
    9.88697624206543,
    9.883281707763672,
    11.704689979553223,
    11.74688720703125,
    19.655284881591797,
    25.416433334350586,
    26.133420944213867,
    26.258846282958984,
    21.142305374145508,
    18.246135711669922,
    10.908671379089355,
    15.884244918823242,
    9.1390962600708,
    6.847100734710693,
    4.578561305999756,
    3.1057662963867188,
    3.2915594577789307,
    2.838442325592041,
    2.022566318511963,
    2.1266918182373047,
    1.9469736814498901,
    1.171288013458252,
    1.3974157571792603,
    1.058769941329956,
    1.0431454181671143,
    0.8424969911575317,
    0.5271180272102356,
    0.5378313064575195,
    0.3498521149158478,
    0.7729261517524719,
    0.6366724967956543,
    0.5185053944587708,
    0.38093626499176025,
    0.2333877980709076,
    0.14497123658657074,
    0.4170251190662384,
    0.16345620155334473,
    0.1960570067167282,
    0.26183122396469116,
    0.13391795754432678,
    0.19272394478321075,
    0.12218225747346878,
    0.022777482867240906,
    0.03872730955481529,
    0.07647188752889633,
    0.05344865471124649,
    0.005114161875098944,
    0.016212476417422295,
    0.008986721746623516
  ],
  "train_ctc_loss": [
    0.0,
    0.0,
    0.0,
    0.0,
    0.0,
    0.0,
    0.0,
    0.0,
    0.0,
    0.0,
    0.0,
    0.0,
    0.0,
    0.0,
    0.0,
    0.0,
    0.0,
    0.0,
    0.0,
    0.0,
    0.0,
    0.0,
    0.0,
    0.0,
    0.0,
    0.0,
    0.0,
    0.0,
    0.0,
    0.0,
    0.0,
    0.0,
    0.0,
    0.0,
    0.0,
    0.0,
    0.0,
    0.0,
    0.0,
    0.0,
    0.0,
    0.0,
    0.0,
    0.0,
    0.0,
    0.0,
    0.0,
    0.0,
    0.0,
    0.0
  ],
  "train_cnt_loss": [
    0.0,
    0.0,
    0.0,
    0.0,
    0.0,
    0.0,
    0.0,
    0.0,
    0.0,
    0.0,
    0.0,
    0.0,
    0.0,
    0.0,
    0.0,
    0.0,
    0.0,
    0.0,
    0.0,
    0.0,
    0.0,
    0.0,
    0.0,
    0.0,
    0.0,
    0.0,
    0.0,
    0.0,
    0.0,
    0.0,
    0.0,
    0.0,
    0.0,
    0.0,
    0.0,
    0.0,
    0.0,
    0.0,
    0.0,
    0.0,
    0.0,
    0.0,
    0.0,
    0.0,
    0.0,
    0.0,
    0.0,
    0.0,
    0.0,
    0.0
  ],
  "val_loss": [
    9.892313003540039,
    9.892313003540039,
    11.699300765991211,
    11.699300765991211,
    19.62591552734375,
    25.3200626373291,
    26.056533813476562,
    26.056533813476562,
    21.141712188720703,
    18.303871154785156,
    10.937714576721191,
    15.653076171875,
    8.874442100524902,
    6.7601637840271,
    4.582825660705566,
    3.103916645050049,
    3.2778868675231934,
    2.8185296058654785,
    2.0161242485046387,
    2.123692274093628,
    1.9460084438323975,
    1.1720867156982422,
    1.3925434350967407,
    1.0596277713775635,
    1.0307691097259521,
    0.8429564237594604,
    0.5449585914611816,
    0.5357657074928284,
    0.3496228754520416,
    0.7493826746940613,
    0.6258642077445984,
    0.518922746181488,
    0.38068175315856934,
    0.23570002615451813,
    0.14375139772891998,
    0.4072810113430023,
    0.15709525346755981,
    0.1960432380437851,
    0.260346919298172,
    0.13515737652778625,
    0.18996916711330414,
    0.1214410662651062,
    0.022020546719431877,
    0.03878461942076683,
    0.06993957608938217,
    0.05402569845318794,
    0.003957915585488081,
    0.02493130974471569,
    0.007769095711410046,
    0.0002985525061376393
  ],
  "exprate": [
    0.0,
    0.0,
    0.0,
    0.0,
    0.0,
    0.0,
    0.0,
    0.0,
    0.0,
    0.0,
    0.0,
    0.0,
    0.0,
    0.0,
    0.0,
    0.0,
    0.0,
    0.0,
    0.0,
    10.0,
    0.0,
    10.0,
    20.0,
    20.0,
    20.0,
    20.0,
    40.0,
    50.0,
    40.0,
    30.0,
    50.0,
    60.0,
    70.0,
    40.0,
    60.0,
    40.0,
    50.0,
    80.0,
    60.0,
    90.0,
    80.0,
    80.0,
    90.0,
    90.0,
    90.0,
    90.0,
    100.0,
    80.0,
    100.0,
    100.0
  ],
  "exprate_1": [
    0.0,
    0.0,
    0.0,
    0.0,
    0.0,
    0.0,
    0.0,
    0.0,
    0.0,
    0.0,
    0.0,
    0.0,
    0.0,
    0.0,
    10.0,
    0.0,
    0.0,
    0.0,
    0.0,
    10.0,
    10.0,
    10.0,
    20.0,
    20.0,
    20.0,
    20.0,
    40.0,
    50.0,
    40.0,
    30.0,
    50.0,
    60.0,
    70.0,
    40.0,
    60.0,
    40.0,
    50.0,
    80.0,
    70.0,
    90.0,
    80.0,
    80.0,
    90.0,
    90.0,
    90.0,
    90.0,
    100.0,
    80.0,
    100.0,
    100.0
  ],
  "exprate_2": [
    0.0,
    0.0,
    0.0,
    0.0,
    0.0,
    0.0,
    0.0,
    0.0,
    0.0,
    0.0,
    0.0,
    0.0,
    0.0,
    0.0,
    10.0,
    20.0,
    0.0,
    0.0,
    0.0,
    20.0,
    10.0,
    10.0,
    20.0,
    20.0,
    20.0,
    20.0,
    40.0,
    50.0,
    40.0,
    30.0,
    50.0,
    60.0,
    70.0,
    40.0,
    60.0,
    40.0,
    50.0,
    80.0,
    70.0,
    90.0,
    80.0,
    80.0,
    90.0,
    90.0,
    90.0,
    90.0,
    100.0,
    80.0,
    100.0,
    100.0
  ],
  "bleu": [
    0.0,
    0.0,
    0.0,
    0.0,
    0.0,
    0.16758501032135406,
    0.0,
    0.0,
    0.0,
    0.0,
    0.0,
    0.0,
    0.0,
    0.4083428454991623,
    1.9554644072653953,
    0.0,
    1.533244745873295,
    1.3192222774853406,
    2.277306410794835,
    14.458916683872669,
    10.41937663080423,
    17.493175934537128,
    11.09349606906513,
    24.055821858977833,
    21.719124921304214,
    24.914909567884774,
    23.55795995031115,
    22.41949908407522,
    43.2251177841439,
    9.031885929993177,
    49.83440291935354,
    56.95301052435771,
    56.56077053139757,
    44.48163958282783,
    66.62463181193101,
    40.60720208794403,
    36.04193100788943,
    85.96381950297302,
    62.45031952797307,
    76.16121374899042,
    88.23478983053019,
    75.22263310045851,
    94.07896479432623,
    94.35979965617484,
    94.35979965617484,
    94.35979965617484,
    100.0,
    66.1422090778197,
    100.0,
    100.0
  ],