{
  "train_loss": [
    6.411521648574661,
    3.822082053698026,
    3.215594966070993,
    2.894557284784841,
    2.613981602218125,
    2.3242988049328983,
    2.087713421832074,
    1.9218478538177826,
    1.808805311381162,
    1.7141174667484158
  ],
  "train_ce_loss": [
    6.14761260839609,
    3.784839497555743,
    3.1673835314237153,
    2.83314432154645,
    2.5399090515388236,
    2.2414634908948625,
    2.000768149292076,
    1.8314020086120772,
    1.7142648893398242,
    1.615534526175195
  ],
  "train_ctc_loss": [
    65.97726001320305,
    4.655319749391996,
    4.017619233079009,
    3.838309872805417,
    3.70362785255516,
    3.4514713475992393,
    3.1051883398831546,
    2.8264325896462243,
    2.626122851948162,
    2.4645735122345305
  ],
  "val_loss": [
    3.6451883912086487,
    3.168572657638126,
    3.0274061693085565,
    2.937598036395179,
    2.778344843122694,
    2.5536196099387274,
    2.404837111632029,
    2.2790836658742695,
    2.2137747373845844,
    2.1099470953146615
  ],
  "exprate": [
    0.0,
    0.0,
    0.0,
    0.0,
    0.2937720329024677,
    1.7038777908343123,
    3.701527614571093,
    6.345475910693302,
    8.519388954171562,
    10.63454759106933
  ],
  "exprate_1": [
    0.0,
    0.0,
    0.05875440658049354,
    0.35252643948296125,
    1.410105757931845,
    4.700352526439483,
    8.930669800235018,
    13.983548766157462,
    16.09870740305523,
    18.507638072855464
  ],
  "exprate_2": [
    0.0,
    0.0,
    0.4112808460634548,
    1.3513513513513513,
    3.6427732079905994,
    9.341950646298471,
    14.982373678025851,
    21.73913043478261,
    23.44300822561692,
    26.439482961222094
  ],
  "bleu": [
    2.497590110596394,
    4.637468074555365,
    6.998818639720788,
    5.043162948148456,
    8.03260576657419,
    13.721527686330123,
    18.853714308204047,
    22.038885802181063,
    19.03814468276252,
    27.11190450715791
  ],
  "bleu_1": [
    9.058208368569623,
    18.651841556636555,
    28.581644815256258,
    20.259898317727657,
    29.223979825767998,
    40.91817767334198,
    48.04388755750692,
    50.390313656605535,
    42.6114708889784,
    53.89102903581835
  ],
  "bleu_4": [
    2.497590110596394,
    4.637468074555365,
    6.998818639720788,
    5.043162948148456,
    8.03260576657419,
    13.721527686330123,
    18.853714308204047,
    22.038885802181063,
    19.03814468276252,
    27.11190450715791
  ],
  "token_accuracy": [
    2.937615724255804,
    5.11102070530801,
    5.9423048762629955,
    5.061695884433075,
    8.410138248847925,
    13.25220361728734,
    16.59108832807571,
    20.081340378198,
    17.140973519393473,
    21.667380348496327
  ],
  "lr": [
    4e-05,
    8e-05,
    0.00012,
    0.00016,
    0.0002,
    0.00019980267284282717,
    0.0001992114701314478,
    0.0001982287250728689,
    0.0001968583161128631,
    0.00019510565162951537
  ]
}